{
  "interfaces": {
    "google.cloud.vision.v1.ProductSearch": {
      "retry_codes": {
        "idempotent": [
          "DEADLINE_EXCEEDED",
          "UNAVAILABLE"
        ],
        "non_idempotent": []
      },
      "retry_params": {
        "default": {
          "initial_retry_delay_millis": 100,
          "retry_delay_multiplier": 1.3,
          "max_retry_delay_millis": 60000,
          "initial_rpc_timeout_millis": 60000,
          "rpc_timeout_multiplier": 1.0,
          "max_rpc_timeout_millis": 60000,
          "total_timeout_millis": 600000
        }
      },
      "methods": {
        "CreateProductSet": {
          "timeout_millis": 60000,
          "retry_codes_name": "non_idempotent",
          "retry_params_name": "default"
        },
        "ListProductSets": {
          "timeout_millis": 60000,
          "retry_codes_name": "idempotent",
          "retry_params_name": "default"
        },
        "GetProductSet": {
          "timeout_millis": 60000,
          "retry_codes_name": "idempotent",
          "retry_params_name": "default"
        },
        "UpdateProductSet": {
          "timeout_millis": 60000,
          "retry_codes_name": "idempotent",
          "retry_params_name": "default"
        },
        "DeleteProductSet": {
          "timeout_millis": 60000,
          "retry_codes_name": "idempotent",
          "retry_params_name": "default"
        },
        "CreateProduct": {
          "timeout_millis": 60000,
          "retry_codes_name": "non_idempotent",
          "retry_params_name": "default"
        },
        "ListProducts": {
          "timeout_millis": 60000,
          "retry_codes_name": "idempotent",
          "retry_params_name": "default"
        },
        "GetProduct": {
          "timeout_millis": 60000,
          "retry_codes_name": "idempotent",
          "retry_params_name": "default"
        },
        "UpdateProduct": {
          "timeout_millis": 60000,
          "retry_codes_name": "idempotent",
          "retry_params_name": "default"
        },
        "DeleteProduct": {
          "timeout_millis": 60000,
          "retry_codes_name": "idempotent",
          "retry_params_name": "default"
        },
        "CreateReferenceImage": {
          "timeout_millis": 60000,
          "retry_codes_name": "non_idempotent",
          "retry_params_name": "default"
        },
        "DeleteReferenceImage": {
          "timeout_millis": 60000,
          "retry_codes_name": "idempotent",
          "retry_params_name": "default"
        },
        "ListReferenceImages": {
          "timeout_millis": 60000,
          "retry_codes_name": "idempotent",
          "retry_params_name": "default"
        },
        "GetReferenceImage": {
          "timeout_millis": 60000,
          "retry_codes_name": "idempotent",
          "retry_params_name": "default"
        },
        "AddProductToProductSet": {
          "timeout_millis": 60000,
          "retry_codes_name": "idempotent",
          "retry_params_name": "default"
        },
        "RemoveProductFromProductSet": {
          "timeout_millis": 60000,
          "retry_codes_name": "idempotent",
          "retry_params_name": "default"
        },
        "ListProductsInProductSet": {
          "timeout_millis": 60000,
          "retry_codes_name": "idempotent",
          "retry_params_name": "default"
        },
        "ImportProductSets": {
          "timeout_millis": 60000,
          "retry_codes_name": "non_idempotent",
          "retry_params_name": "default"
        },
        "PurgeProducts": {
          "timeout_millis": 60000,
          "retry_codes_name": "non_idempotent",
          "retry_params_name": "default"
        }
      }
    }
  }
}
